organisation,name,role,centre,date,status
Nephrova Renal Care Pvt. Ltd.,Shalini Gaikwad,Nurse,Nephrova Pimpri,2026-09-17,Attended
Nephrova Renal Care Pvt. Ltd.,Prakash Jadhav,Dialysis technician,Nephrova Pimpri,2026-09-18,Attended
Nephrova Renal Care Pvt. Ltd.,Meena Kamble,Dialysis technician,Nephrova Pimpri,2026-09-19,Attended
Nephrova Renal Care Pvt. Ltd.,Rohit Salunkhe,Nurse,Nephrova Pimpri,2026-09-17,Attended
Nephrova Renal Care Pvt. Ltd.,Kavita Pawar,Dialysis technician,Nephrova Pimpri,2026-09-18,Attended
Nephrova Renal Care Pvt. Ltd.,Sunil Shinde,Dialysis technician,Nephrova Pimpri,2026-09-19,Attended
Nephrova Renal Care Pvt. Ltd.,Nisha Kadam,Nurse,Nephrova Pimpri,2026-09-17,Attended
Nephrova Renal Care Pvt. Ltd.,Ajay Mane,Dialysis technician,Nephrova Pimpri,2026-09-18,Attended
Nephrova Renal Care Pvt. Ltd.,Lata Bhosale,Dialysis technician,Nephrova Pimpri,2026-09-19,Attended
Nephrova Renal Care Pvt. Ltd.,Vijay Kale,Nurse,Nephrova Pimpri,2026-09-17,Attended
Nephrova Renal Care Pvt. Ltd.,Sapna More,Dialysis technician,Nephrova Pimpri,2026-09-18,Attended
Nephrova Renal Care Pvt. Ltd.,Deepak Chavan,Dialysis technician,Nephrova Pimpri,2026-09-19,Attended
Nephrova Renal Care Pvt. Ltd.,Rekha Shirke,Nurse,Nephrova Pimpri,2026-09-17,Attended
Nephrova Renal Care Pvt. Ltd.,Anil Thorat,Dialysis technician,Nephrova Pimpri,2026-09-18,Attended
Nephrova Renal Care Pvt. Ltd.,Pallavi Nikam,Dialysis technician,Nephrova Pimpri,2026-09-19,Attended
Nephrova Renal Care Pvt. Ltd.,Santosh Gawade,Nurse,Nephrova Pimpri,2026-09-17,Attended
Nephrova Renal Care Pvt. Ltd.,Asha Lokhande,Dialysis technician,Nephrova Pimpri,2026-09-18,Attended
Nephrova Renal Care Pvt. Ltd.,Manoj Patole,Dialysis technician,Nephrova Pimpri,2026-09-19,Attended
Nephrova Renal Care Pvt. Ltd.,Swati Dhumal,Nurse,Nephrova Pimpri,2026-09-17,Attended
Nephrova Renal Care Pvt. Ltd.,Ramesh Kokate,Dialysis technician,Nephrova Pimpri,2026-09-18,Attended
Nephrova Renal Care Pvt. Ltd.,Jyoti Sawant,Dialysis technician,Nephrova Pimpri,2026-09-19,Attended
Nephrova Renal Care Pvt. Ltd.,Kishor Lad,Nurse,Nephrova Pimpri,2026-09-17,Attended
